,id,pickup_datetime,pickup_latitude,pickup_longitude,dropoff_latitude,dropoff_longitude,passenger_count,fare_amount
0,4142,2015-01-07 15:32,-263,-374,396,67,-2,31
1,1392,2015-10-21 22:52,-65,-44,39,62,2,74
2,4606,2017-05-07 3:25,442,424,458,328,-2,6
3,1600,2017-05-14 9:57,-349,269,-340,143,-2,66
4,4332,2017-04-11 16:01,-119,264,-243,494,2,88
5,3490,2015-04-26 3:51,118,454,-159,-116,2,75
6,4348,2017-04-09 13:31,-372,261,,,2,51
7,2797,2017-10-18 6:49,-141,52,,-95,2,30
8,2088,2015-07-21 7:55,-393,-241,-289,-109,-1,75
9,4041,2015-03-04 14:21,213,-194,-102,328,2,38
10,4376,2017-04-24 6:56,202,-1,-437,260,1,37
11,2871,2015-09-15 20:00,-17,173,-377,98,2,40
12,4783,2015-08-15 22:29,312,10,-450,88,3,24
13,1757,2017-10-03 6:15,11,135,-133,-98,4,42
14,1516,2017-03-26 14:42,-328,-95,332,-21,0,52
15,2672,2015-01-15 5:32,291,-105,-474,285,4,24
16,1818,2015-06-28 20:58,-500,-64,269,292,-1,27
17,3102,2017-05-09 17:27,196,-217,-108,-10,0,51
18,1748,2016-04-18 8:04,-140,-408,-414,265,1,44
19,3062,2016-03-23 6:23,-408,-351,402,-11,4,51
20,4036,2015-05-19 18:57,-43,-299,-492,-127,5,4
21,1114,2015-06-16 11:10,181,-28,305,7,-2,66
22,2463,2017-07-22 17:51,-263,450,469,-193,4,11
23,4565,2016-06-06 17:23,-435,381,381,130,3,65
24,3862,2017-08-06 8:27,-95,211,-3,357,2,46
25,4023,2015-06-19 5:33,-141,233,316,-385,4,32
26,2438,2017-05-15 5:56,318,212,-332,113,2,64
27,4108,2015-02-03 0:03,-464,360,-461,419,5,7
28,1586,2017-07-26 4:49,-469,-464,64,-114,3,96
29,1333,2015-08-27 0:08,-117,321,79,-444,5,89
30,3396,2015-06-29 20:45,447,22,-311,207,-1,25
31,2561,2016-10-04 12:58,-499,-235,218,270,-1,53
32,1794,2015-11-21 11:27,-110,-302,260,45,2,6
33,2688,2017-10-18 12:57,-63,-413,308,106,1,36
34,2508,2016-11-25 10:24,76,122,,,5,21
35,3286,2016-10-06 14:53,-305,67,269,-167,3,81
36,4814,2016-06-06 3:37,-250,388,,,5,75
37,2966,2017-09-14 10:03,-466,425,132,-131,1,86
38,3074,2015-11-09 1:10,166,-216,-90,-129,2,58
39,4665,2016-11-26 10:50,-477,432,-450,4,3,15
40,1271,2017-04-25 3:50,134,-60,179,-38,-1,28
41,1847,2015-11-10 17:25,-416,451,-159,-133,3,27
42,4603,2015-03-02 17:13,336,475,93,-32,-2,63
43,3148,2015-11-11 10:39,-456,-417,409,239,0,79
44,1278,2015-08-07 22:48,-407,-351,-496,152,1,15
45,4491,2015-04-14 16:30,-151,323,377,151,2,26
46,2553,2016-07-24 4:12,363,93,-74,308,1,59
47,2537,2017-08-02 4:12,-115,-279,443,-45,1,84
48,2304,2016-01-23 5:19,289,-41,,,-2,78
49,2719,2017-11-09 7:29,289,-377,55,401,-2,74
50,1272,2016-02-23 15:08,-49,100,23,-385,4,73
51,1822,2015-07-11 1:43,238,-251,115,-313,-2,74
52,3862,2015-01-27 3:30,54,-381,8,35,2,36
53,2394,2015-03-01 0:26,250,158,-299,100,0,87
54,1967,2016-08-20 18:19,447,-124,-102,195,3,95
55,2205,2016-09-03 7:15,-295,-340,-249,498,0,13
56,1733,2015-04-19 20:48,-320,109,-191,-298,4,63
57,4260,2015-10-14 15:12,-359,-231,411,-2,5,64
58,2538,2017-05-05 1:14,-410,399,278,-348,5,19
59,2919,2015-03-06 12:02,-148,385,496,-203,4,79
60,4379,2016-09-08 21:54,-465,264,-412,153,2,20
61,4801,2016-01-23 7:02,-468,-174,412,-143,5,87
62,1068,2017-05-29 13:08,208,86,160,240,0,87
63,4698,2016-07-24 8:31,-45,15,160,-181,1,37
64,1131,2017-04-18 7:53,396,-378,318,-143,1,77
65,1605,2015-03-25 14:33,256,427,-481,152,4,18
66,2519,2017-08-16 16:49,4,-125,-120,495,1,50
67,2226,2015-02-28 19:35,-228,-275,-266,-209,-2,23
68,4705,2015-08-08 22:57,78,170,286,-322,3,94
69,3160,2017-11-28 19:24,-55,-251,-112,311,2,9
70,4762,2015-05-27 1:31,422,289,-420,-222,-1,93
71,4921,2017-01-17 10:55,-455,-262,101,-12,2,95
72,2425,2015-04-11 21:34,-131,421,-484,-243,-1,19
73,3627,2016-01-26 3:27,-113,-413,-257,-264,1,93
74,1101,2016-08-26 9:42,-53,-437,-354,-160,0,51
75,2453,2015-03-22 21:30,493,295,-381,-90,5,82
76,1416,2015-02-09 1:19,451,133,353,417,4,55
77,1531,2016-07-13 14:55,-202,94,49,-60,-2,19
78,2470,2017-04-08 5:36,-165,120,137,-2,4,69
79,1790,2017-09-18 5:34,-153,-29,54,-203,-2,46
80,4662,2016-11-25 19:00,-489,170,,,4,54
81,1864,2016-04-14 12:29,237,-285,-298,-249,-2,91
82,2083,2016-11-07 19:45,72,-458,-208,-209,-1,32
83,1125,2017-11-18 22:46,-464,-427,-124,-272,-2,26
84,1736,2016-11-23 11:30,-175,147,-466,-133,4,46
85,1284,2015-10-06 12:26,-160,-271,-386,-306,1,69
86,1829,2015-08-24 5:48,-232,-205,-228,-239,0,13
87,3552,2017-09-17 11:58,158,-266,-267,-289,1,37
88,4165,2016-03-25 19:19,-203,-60,-371,-301,-2,39
89,2049,2015-10-20 6:09,-460,-366,7,-446,2,55
90,3151,2017-04-28 11:27,-159,464,-145,-190,2,33
91,1135,2015-05-21 21:28,-442,424,-255,-256,4,95
92,2970,2016-05-02 21:45,279,-357,-444,9,4,2
93,2009,2017-07-08 14:16,105,-181,213,-437,1,-70
94,1126,2016-03-09 10:42,185,387,134,-11,1,34
95,1830,2015-07-05 13:29,238,414,38,-221,-2,69
96,2019,2015-08-28 20:57,-341,-147,,,-1,62
97,2005,2017-11-26 15:27,-13,-220,438,-105,0,61
98,1900,2017-02-05 2:25,423,39,113,311,0,20
99,3418,2017-06-07 17:23,-231,-114,330,-407,0,71
100,2835,2017-09-10 22:47,-329,323,314,162,5,89
101,4312,2016-11-29 19:37,-224,217,-141,219,0,47
102,1045,2015-01-07 22:44,-168,80,88,-216,3,58
103,1684,2016-04-25 19:28,306,346,,,-2,35
104,3129,2015-11-05 21:09,-263,-303,360,99,-1,54
105,4591,2015-08-04 7:37,22,131,-45,-63,0,86
106,2617,2016-04-28 7:26,-136,14,-81,-117,0,23
107,1277,2015-04-07 13:55,-308,-452,44,-140,5,18
108,1435,2016-06-08 5:18,411,-62,-316,-91,5,12
109,4237,2017-06-15 5:10,-224,9,260,-345,-1,-70
110,2480,2016-05-19 11:19,-440,-325,-448,-486,-1,7
111,1740,2017-04-19 11:15,-104,-406,115,348,-1,-80
112,4871,2015-10-21 0:33,109,35,170,-5,3,37
113,4913,2016-01-20 5:37,411,15,411,15,1,29
114,3394,2015-04-15 6:22,-326,135,-326,135,0,66
115,3498,2015-07-03 12:21,-409,-149,-499,232,2,49
116,1785,2015-01-01 4:11,471,490,-370,-152,4,58
117,2908,2015-02-29 19:42:36,-138,-84,102,264,2,67
118,4232,2017-08-28 18:07,367,64,414,147,5,45
119,4478,2017-07-03 10:52,340,-172,49,-401,4,74
120,1270,2017-06-09 20:25,-398,-372,44,-297,1,-60
121,3970,2017-07-05 8:19,-476,-31,-476,-31,3,40
122,1910,2015-11-09 8:43,-350,-428,-350,-428,5,18
123,1492,2017-01-15 5:19,-107,125,20,149,0,-70
124,1666,2016-09-18 6:37,-493,-221,-330,249,-2,56
125,3331,2015-10-27 3:38,-169,245,-456,336,0,44
126,1608,2015-09-27 9:37,-468,-409,-395,118,5,21
127,3650,2015-01-25 16:16,171,-348,415,-412,-1,54
128,2259,2016-09-06 4:10,-120,211,186,303,2,48
129,2904,2015-10-17 7:10,360,-153,-458,-156,2,55
130,3974,2016-01-13 22:42,151,-188,-84,221,0,69
131,4340,2017-05-28 6:45,-215,-427,6,192,0,43
132,2343,2015-11-02 0:57,-187,-170,300,-289,1,46
133,1877,2016-09-25 15:22,493,436,-343,-217,1,52
134,4620,2017-03-24 6:46,250,339,72,63,-2,87
135,2617,2017-02-23 20:38,-199,486,-199,486,0,68
136,3106,2016-10-10 5:27,-215,-300,497,389,5,14
137,4085,2016-09-04 8:49,-340,-357,446,-28,3,37
138,2673,2017-08-19 8:12,252,-448,58,-489,3,89
139,3735,2016-05-02 9:08,-352,-344,-123,427,3,66
140,4826,2015-03-08 14:37,-109,269,-381,230,2,47
141,2137,2017-07-17 13:27,-343,463,-315,274,5,66
142,4524,2016-08-24 6:16,-171,-95,85,-485,-2,58
143,3244,2015-06-20 6:09,-136,-397,302,-490,1,29
144,4583,2015-05-29 5:14,317,-317,447,303,3,75
145,2798,2015-08-05 0:38,-428,275,-465,-340,-2,13
146,4654,2017-06-06 5:06,-486,44,-186,-157,4,72
147,3617,2015-06-02 19:38,-178,128,367,24,-1,43
148,4889,2017-03-02 2:20,67,-131,-383,-255,-1,-70
149,4212,2017-08-14 7:55,-12,-449,-354,396,-2,-70
150,2766,2015-08-12 20:34,-227,-357,,,-1,22
151,1749,2017-04-29 13:17,-333,-58,-190,474,4,11
152,2100,2015-03-29 11:19,432,132,303,-369,5,89
153,2962,2016-09-01 2:33,-183,437,313,-145,-2,35
154,3343,2017-02-19 4:30,371,-150,-19,-291,0,79
155,1428,2015-04-19 11:04,487,498,-457,20,4,82
156,4900,2015-06-23 2:39,348,-239,-304,352,3,68
157,1005,2015-08-28 21:14,218,-418,-305,-44,5,-90
158,1424,2015-05-15 8:20,-80,-251,473,459,5,94
159,2317,2015-11-09 15:51,464,-178,-310,429,5,20
160,1872,2016-03-23 4:56,376,-385,382,405,5,37
161,3327,2015-01-08 0:08,284,216,-424,277,0,13
162,2530,2015-07-14 18:19,-322,162,-265,-243,2,31
163,3605,2017-03-18 20:02,-498,461,150,291,5,93
164,2939,2015-04-03 8:17,492,-307,2,-403,1,48
165,2698,2017-01-25 18:35,-413,-44,-429,-494,5,23
166,3126,2015-11-14 2:09,276,-439,-110,69,4,9
167,4664,2015-06-25 15:44,80,-273,85,-416,-1,8
168,3576,2015-04-13 14:47,303,222,465,-16,1,77
169,3417,2015-08-06 0:54,482,-308,-365,297,1,46
170,4795,2017-05-02 8:12,483,132,-401,266,2,59
171,2900,2017-04-10 4:24,146,378,243,-158,3,85
172,2599,2015-05-03 4:51,-369,442,-491,49,-2,65
173,3443,2017-11-07 22:35,-44,240,-197,19,2,40
174,1700,2017-10-06 12:15,-223,-109,64,-124,0,41
175,3766,2015-06-01 13:00,311,-336,-77,65,2,18
176,4986,2016-04-27 1:38,-74,100,97,-459,5,88
177,2503,2016-05-09 8:38,-257,43,-262,56,5,3
178,3411,2017-09-13 1:45,300,71,322,-13,2,31
179,3964,2017-05-06 8:51,-150,-71,-144,-214,5,59
180,1790,2017-10-26 3:38,-18,-256,498,498,-1,-80
181,2028,2016-03-08 7:14,191,-336,-161,-484,-1,77
182,1973,2016-11-08 8:28,-471,-261,-498,66,2,18
183,3266,2016-09-27 19:35,-474,-31,404,-250,-1,64
184,2079,2016-01-03 16:50,400,173,108,-77,-2,26
185,1757,2017-07-06 4:30,163,-129,-143,209,4,33
186,4819,2017-01-01 13:07,-414,275,-417,-323,4,33
187,2627,2015-04-25 2:22,-115,-13,471,242,1,85
188,3309,2015-06-04 7:45,184,-466,5,212,-1,77
189,4568,2015-09-26 4:42,129,-432,314,140,0,57
190,4119,2017-07-25 0:07,306,348,-201,-95,1,62
191,4267,2017-07-02 19:28,-50,-285,-396,417,4,11
192,4543,2017-10-02 11:24,102,360,79,-287,3,10
193,2930,2016-07-11 8:57,13,-355,339,-427,5,44
194,3902,2016-03-25 13:47,219,56,68,-142,3,61
195,3913,2016-09-14 0:52,-301,441,-54,-347,-2,-70
196,2437,2017-03-05 3:35,431,-481,-336,139,2,40
197,2335,2016-10-29 4:19,-100,499,48,-98,3,74
198,3702,2017-07-01 4:22,319,23,214,483,3,35
199,1278,2016-06-11 20:23,31,291,412,-448,2,14
200,1963,2016-10-12 22:42,282,-186,-130,-391,1,17
201,1901,2015-05-17 0:42,24,-42,-273,-461,3,36
202,4148,2016-09-03 2:31,470,267,191,373,3,59
203,1870,2017-07-03 11:13,453,182,-453,-288,-1,99
204,1814,2016-09-13 16:21,-348,-243,-31,-196,3,35
205,2027,2016-05-25 8:06,-500,-333,-82,451,2,30
206,4381,2015-11-13 20:58,243,-239,-99,-215,5,11
207,1748,2015-07-10 4:29,421,-5,-288,-233,0,24
208,4220,2017-01-20 20:00,-277,461,342,293,5,64
209,1179,2016-06-02 17:42,-365,112,18,379,0,53
210,2370,2017-02-22 15:58,-262,-461,-130,321,5,76
211,2727,2016-09-15 0:47,444,95,53,-387,1,23
212,1432,2015-06-05 21:19,-388,47,-327,471,-1,48
213,3967,2016-11-15 10:47,-258,59,-367,135,-2,56
214,4125,2017-09-21 14:29,89,-412,212,-413,3,69
215,1749,2015-08-11 7:51,492,-342,1,77,3,61
216,4531,2015-06-05 14:58,268,140,-99,109,3,4
217,2954,2016-11-15 1:54,-303,-221,-63,-35,-2,97
218,3616,2015-05-25 21:21,156,-295,227,166,4,64
219,3986,2017-02-01 3:50,109,54,-319,320,2,28
220,3389,2016-08-14 5:10,-350,-479,251,282,1,64
221,4989,2015-02-25 5:35,341,382,285,-398,-2,36
222,2536,2016-04-25 17:51,21,-444,443,417,2,42
223,4119,2015-09-01 20:06,37,-46,-196,-397,0,71
224,4014,2017-01-04 3:40,-14,-320,-432,-99,-2,50
225,3764,2016-02-22 11:10,-262,101,267,143,-1,95
226,4050,2017-05-18 19:55,-112,-88,-255,458,0,97
227,1114,2017-01-06 2:19,236,87,-135,-170,3,34
228,3089,2017-03-03 19:45,318,-406,304,162,-2,45
229,4973,2017-10-27 1:57,382,91,184,-427,2,19
230,3741,2017-08-24 19:39,400,-473,438,267,-1,22
231,2493,2015-02-05 21:21,-119,-342,210,442,3,29
232,4968,2017-05-17 7:55,-52,-159,-29,85,1,46
233,1439,2015-09-29 8:07,459,-444,-305,-89,-1,25
234,2518,2016-03-12 13:04,-469,-165,220,465,1,30
235,2502,2015-03-08 2:46,-347,-139,269,487,-2,58
236,1130,2015-04-25 17:08,48,-53,404,-191,2,45
237,3244,2016-02-25 8:48,44,360,-70,-202,2,85
238,1684,2017-09-13 18:48,-284,239,443,465,4,11
239,2054,2017-09-13 6:43,-316,78,-281,142,1,24
240,4392,2017-07-24 5:11,-218,307,-162,-81,-2,35
241,2895,2016-05-03 3:18,-421,-345,-344,-8,3,44
242,3139,2017-07-18 10:26,99,447,453,-444,1,7
243,2559,2016-02-28 3:04,-494,-199,-159,274,0,50
244,1329,2017-11-08 3:07,280,262,113,314,2,-90
245,1142,2016-09-15 5:06,-454,-387,-468,-406,3,8
246,3758,2015-11-03 13:43,40,316,-348,-23,-1,19
247,2947,2015-04-09 16:51,-282,349,-248,99,2,12
248,3081,2015-02-03 5:19,-454,331,-269,-439,4,98
249,2607,2017-06-17 17:33,-101,-130,-206,393,-1,71
250,2633,2015-06-17 18:41,35,372,166,38,4,-70
251,4849,2016-04-28 5:45,-236,331,-115,210,1,85
252,1069,2017-07-27 15:16,211,225,-128,141,2,35
253,4363,2015-06-19 17:45,130,-275,57,214,-1,17
254,3365,2017-07-14 8:34,-250,170,-397,-185,-1,82
255,2826,2016-06-07 3:44,-66,63,-460,-337,0,18
256,1040,2015-10-21 4:43,-355,77,-422,-245,2,41
257,2624,2015-11-02 8:47,26,432,408,367,2,31
258,4266,2015-08-04 8:41,-344,-436,-6,482,2,-90
259,1543,2017-01-20 9:34,-126,-151,-85,63,0,18
260,4816,2015-06-26 22:55,-335,343,206,-117,4,52
261,1275,2015-03-27 13:09,-364,57,446,-102,2,55
262,1946,2017-05-28 6:30,-281,281,-207,-27,1,39
263,1676,2015-04-21 18:30,-324,41,274,22,4,69
264,2128,2016-07-23 13:18,64,-157,-86,318,4,87
265,1397,2017-11-20 11:09,-323,-495,-279,174,-2,27
266,4608,2017-01-18 18:08,-153,404,345,-57,1,41
267,1282,2015-09-25 14:24,7,-13,-498,144,-1,30
268,4016,2017-10-25 11:04,-207,-200,12,225,4,59
269,3255,2015-04-03 12:41,-149,162,474,-329,-1,75
270,2568,2015-03-03 14:20,-32,-64,484,-449,-2,84
271,2452,2016-01-08 12:49,267,336,87,-196,-1,98
272,1531,2015-02-27 1:29,-357,74,-192,144,-1,61
273,4787,2016-04-12 13:13,-352,242,-187,330,-2,51
274,4296,2017-10-25 18:31,132,-487,-17,-146,2,82
275,3321,2016-09-27 12:51,304,-99,-118,22,1,17
276,3524,2017-01-08 18:30,-318,236,365,292,4,35
277,2557,2017-06-07 3:21,-444,-121,219,-138,2,32
278,2925,2017-09-28 17:53,141,-1,-74,-485,1,67
279,2089,2016-06-06 14:33,441,296,-181,-103,4,54
280,2840,2017-11-09 19:05,-158,78,294,-150,3,30
281,2411,2017-02-02 20:29,-360,-225,-121,-262,0,64
282,2142,2016-07-09 19:30,90,307,469,-249,2,11
283,1517,2015-02-08 12:01,-180,-198,95,242,4,50
284,4025,2015-09-22 8:05,-399,-271,-6,140,2,32
285,1204,2015-03-09 14:55,11,122,-477,-254,0,71
286,1779,2017-03-27 17:49,477,-83,139,467,5,42
287,1080,2015-08-11 19:50,-475,-383,318,-469,3,30
288,3766,2015-09-28 13:44,456,316,200,-15,2,59
289,2607,2017-05-17 6:51,166,364,-461,-259,1,59
290,3574,2015-09-07 17:35,69,-438,-234,94,2,9
291,2829,2016-11-18 20:14,-189,407,414,-478,1,26
292,4759,2017-08-12 12:08,-145,227,-72,-124,-1,41
293,4256,2015-04-15 9:01,-403,-206,401,191,-2,51
294,3453,2017-09-03 20:12,-381,326,294,-1,5,28
295,1301,2017-08-11 14:33,-266,17,-480,48,5,82
296,2155,2017-10-06 1:43,-198,170,369,-262,2,58
297,2491,2016-05-17 17:31,441,-285,-135,-351,0,78
298,1391,2016-07-24 1:00,-310,-4,110,-375,-1,34
299,2533,2015-03-29 9:25,148,-120,-334,-36,0,46
300,1785,2017-04-02 10:43,407,51,-61,-415,0,77
301,4346,2016-06-21 19:19,-31,-429,-231,105,3,46
302,3247,2016-08-04 14:10,-108,-412,200,436,-1,46
303,4156,2016-07-25 2:08,-442,-267,-78,213,0,10
304,1778,2017-03-08 12:07,72,-436,411,-420,5,13
305,4736,2015-08-27 6:26,394,-57,351,-26,2,29
306,2848,2015-05-19 16:00,-162,-161,-52,-344,1,19
307,4285,2016-11-27 16:44,285,-38,109,28,3,-90
308,1891,2017-01-21 0:22,360,300,61,298,1,34
309,1301,2016-06-05 14:56,-287,11,411,-15,1,14
310,2761,2017-02-09 3:37,445,245,-459,-137,5,98
311,1859,2015-01-26 9:49,-393,-10,416,292,4,57
312,2326,2016-03-10 7:44,-493,55,39,145,0,66
313,2748,2016-10-18 11:41,201,287,-393,342,0,59
314,1810,2017-06-03 1:28,-388,19,-421,408,1,22
315,4720,2017-05-11 8:24,-176,397,97,-41,3,52
316,2181,2016-07-10 19:26,420,263,307,15,4,-80
317,3019,2016-02-23 5:45,-449,-476,-498,-155,5,27
318,3323,2015-01-16 7:03,-184,56,-82,-230,0,54
319,1114,2016-06-02 3:22,-155,-486,383,-347,1,35
320,2695,2015-09-04 20:09,-341,173,-392,97,3,50
321,1248,2015-03-29 12:26,-84,193,218,303,3,28
322,3014,2015-07-29 22:09,55,-287,-55,-42,4,81
323,4213,2017-04-10 0:14,-380,-252,432,387,0,-60
324,3911,2016-04-22 6:02,40,-325,288,142,4,75
325,1824,2017-10-15 1:53,127,244,19,483,1,32
326,3365,2017-05-15 9:01,473,-470,-235,-285,0,33
327,1137,2016-06-03 9:36,309,294,-64,-90,3,10
328,3446,2017-01-20 8:25,215,-478,71,436,5,-60
329,4019,2016-04-12 18:26,-234,-391,-464,-306,3,79
330,3523,2017-03-19 22:45,-364,-3,-7,263,3,52
331,2341,2016-06-19 2:19,-352,7,110,-221,3,39
332,3926,2015-03-01 21:43,-376,-412,-328,-253,2,87
333,3735,2015-10-03 9:19,81,351,179,-351,-1,55
334,3050,2016-09-28 19:36,36,-13,-376,443,5,58
335,2637,2016-08-02 0:46,483,132,94,203,2,18
336,3225,2015-09-29 4:05,-27,32,-319,-192,3,79
337,2877,2017-02-15 11:58,76,296,181,161,3,46
338,1792,2016-02-20 16:02,454,400,-164,-76,3,-60
339,4786,2016-04-25 20:38,113,-500,235,102,-2,84
340,1926,2017-06-16 16:26,360,-156,456,5,0,47
341,4763,2017-09-08 3:28,-321,433,-490,434,1,95
342,3903,2016-03-29 4:37,-337,378,497,-77,5,40
343,3652,2016-03-25 15:48,404,273,-81,30,5,77
344,2810,2016-08-18 1:50,-136,74,-132,-366,5,30
345,3898,2016-01-16 18:42,174,201,-122,-166,-2,36
346,4111,2016-02-09 21:23,-42,-106,-476,217,3,39
347,3753,2016-02-06 13:33,137,-443,-470,-115,5,65
348,2417,2015-04-28 19:17,72,-4,205,-30,3,73
349,2690,2016-04-28 22:48,-268,-338,28,-474,-1,34
350,2840,2015-06-05 9:54,-305,272,67,-411,2,12
351,4794,2015-11-14 11:14,-429,225,-143,167,5,37
352,1142,2015-11-29 13:05,240,386,-334,-329,0,82
353,2058,2016-03-23 2:46,497,-309,-430,-494,4,63
354,3072,2016-03-16 5:47,20,210,-41,-155,-1,34
355,4380,2016-03-03 10:35,-358,111,489,183,0,56
356,1455,2017-06-11 16:34,41,115,-282,119,4,21
357,4753,2017-08-27 5:30,-268,-20,-117,168,1,87
358,3121,2016-04-25 15:16,-420,31,257,-217,-2,16
359,2856,2015-01-06 21:15,483,234,-207,382,-2,51
360,1548,2015-04-24 20:26,440,-260,407,131,-1,20
361,2156,2015-09-07 15:08,-141,341,376,349,2,87
362,1449,2015-10-15 6:52,-115,458,241,-140,1,26
363,2388,2017-04-15 3:55,183,277,274,-204,3,48
364,4003,2017-05-24 0:20,-148,220,132,-476,4,46
365,2662,2017-02-05 20:16,-115,30,105,-248,2,84
366,4705,2015-02-09 8:25,129,87,-471,340,4,-80
367,2348,2016-01-25 4:20,51,-306,-270,-49,5,22
368,1687,2015-10-14 10:00,-253,495,-74,-245,3,98
369,1523,2015-01-11 14:13,-58,-278,157,-407,-1,51
370,1378,2016-11-10 0:29,-150,178,132,-136,-1,49
371,2551,2016-03-05 0:35,127,-453,-389,-198,1,59
372,1711,2017-04-23 18:14,54,314,174,114,-2,28
373,1001,2016-11-01 4:07,-85,-250,-62,324,1,18
374,1129,2016-10-28 16:29,-269,-131,468,298,-2,10
375,1116,2016-03-15 13:36,199,119,465,-289,-2,55
376,2088,2015-04-14 11:37,-52,-394,206,492,3,16
377,2830,2015-11-05 0:03,-178,-86,-222,343,1,43
378,1826,2017-01-16 1:34,-459,183,98,-408,5,97
379,1638,2015-06-24 13:42,467,-92,-29,-429,0,75
380,1597,2015-03-03 22:31,254,-498,-488,-442,-1,18
381,3385,2015-06-21 3:13,319,-41,-414,142,4,48
382,2296,2017-09-21 2:44,240,205,326,-50,-1,30
383,2343,2017-01-08 18:14,364,440,97,150,1,50
384,4398,2016-09-29 3:46,-302,-297,-139,-280,5,-90
385,2808,2016-08-18 11:17,185,-81,-35,-130,4,67
386,3279,2017-07-21 5:48,-459,409,164,-222,0,59
387,2568,2015-04-21 5:18,-315,-242,-66,-121,5,-80
388,1961,2016-06-21 8:15,22,-226,-247,338,4,27
389,2721,2017-07-07 20:05,339,-339,461,382,5,68
390,3213,2016-02-22 19:21,264,267,194,-439,-1,39
391,4131,2017-08-20 4:10,-169,295,187,371,4,42
392,4889,2015-09-17 1:36,-54,299,169,-107,3,69
393,2740,2015-06-25 16:14,51,417,305,68,1,-60
394,2458,2017-04-01 6:28,484,402,-20,414,-1,-80
395,3519,2017-03-27 17:38,346,343,-362,453,-2,61
396,1132,2015-10-25 22:32,-474,413,-354,-222,0,55
397,4699,2016-04-15 10:35,67,-437,-391,343,1,-60
398,1292,2017-09-01 14:24,293,-359,173,21,3,67
399,4949,2015-04-23 7:18,22,334,-297,327,0,23
400,3719,2015-07-22 4:45,-383,16,-26,175,-1,71
401,2969,2015-04-24 1:43,-33,-326,253,151,-2,29
402,1333,2016-05-12 8:29,382,246,232,-33,0,63
403,1559,2015-05-02 4:32,354,445,-399,-81,2,75
404,1809,2015-05-19 6:53,-321,-387,-123,-133,-2,64
405,3054,2015-07-05 10:03,-155,166,211,285,2,56
406,1789,2016-02-05 4:09,-136,-461,286,253,3,35
407,3014,2015-11-04 5:36,-176,342,434,-204,3,44
408,4764,2015-04-21 14:41,428,-350,-138,176,3,62
409,1878,2015-05-26 14:53,-112,-17,-5,-196,0,35
410,3131,2015-08-23 1:41,380,-419,-25,-12,-2,36
411,4131,2015-09-18 12:51,483,478,294,177,0,85
412,1118,2016-10-10 21:35,316,166,-463,-498,-2,30
413,4059,2017-09-01 4:44,-338,-274,156,-52,2,22
414,1494,2016-04-01 11:48,-125,-51,482,187,1,84
415,4107,2015-07-08 1:22,283,-466,-49,417,3,30
416,1136,2017-02-02 10:37,469,427,7,409,2,57
417,2838,2015-08-14 12:39,63,337,170,139,1,31
418,4261,2016-06-02 16:38,225,496,143,-280,1,54
419,4497,2015-09-16 1:03,-490,-277,-474,189,1,29
420,2642,2015-04-26 4:53,492,-408,118,475,0,39
421,3339,2017-10-28 11:19,-446,-151,-55,-33,-2,21
422,2359,2015-02-19 19:28,219,223,-117,118,0,35
423,3747,2016-01-04 5:30,-203,377,-404,105,3,-60
424,4537,2016-07-08 0:48,258,-432,403,89,5,68
425,4709,2016-10-26 5:51,30,-287,-374,-419,-1,75
426,2381,2015-09-09 20:33,-362,-404,-20,-430,3,18
427,2815,2015-01-12 5:48,221,154,-33,-470,5,37
428,1304,2016-06-20 10:46,279,476,-170,-48,-2,40
429,2255,2017-07-10 9:20,394,-494,193,418,4,27
430,1430,2015-09-06 22:07,-451,-467,157,75,-1,64
431,1331,2015-09-12 14:08,-405,-436,-478,-173,4,27
432,3453,2016-07-11 19:55,403,-381,-225,268,3,40
433,2774,2016-07-17 22:15,-500,-470,-220,-144,0,48
434,2691,2016-10-10 0:22,490,-131,93,484,-1,23
435,4964,2016-02-25 14:24,-18,472,406,282,2,84
436,1089,2016-09-21 20:43,-149,81,-267,371,1,67
437,1529,2016-10-15 6:28,163,462,431,132,1,50
438,1531,2016-07-11 8:07,-389,-375,242,78,0,36
439,1506,2016-03-17 15:48,182,-48,9,51,-2,46
440,1267,2016-02-04 10:29,279,425,-81,-330,-2,3
441,4700,2016-08-10 11:01,-27,228,194,294,-2,58
442,2614,2017-04-17 13:31,-106,332,-334,249,-1,66
443,3372,2016-06-24 16:07,161,-454,168,-194,0,53
444,4424,2015-05-09 1:36,264,172,-180,-2,4,54
445,3855,2015-09-29 22:29,-349,498,-77,-125,5,57
446,1364,2016-02-11 6:31,364,445,-258,382,4,51
447,2284,2016-10-15 20:45,493,-327,156,-19,3,27
448,4672,2015-05-20 18:38,280,-375,-181,-468,0,51
449,2952,2016-01-19 4:33,84,184,231,333,1,76
450,2542,2016-10-27 7:08,83,-374,465,255,-1,9
451,3343,2015-02-19 4:13,-193,226,-415,-151,-1,76
452,2740,2016-11-06 21:55,483,-159,-482,18,2,-100
453,4536,2017-03-06 17:43,59,-445,132,50,0,16
454,2104,2016-08-16 21:39,-435,-406,485,-54,4,-90
455,4049,2017-05-04 1:22,-173,184,-63,-432,-1,44
456,4792,2017-09-18 0:56,367,107,-211,-37,0,23
457,3684,2017-01-10 12:24,440,208,-418,339,4,86
458,3549,2017-02-13 10:40,182,415,77,-113,1,44
459,3706,2015-07-23 5:24,-262,347,-248,-293,5,12
460,4219,2017-03-05 12:16,-61,65,-409,209,-2,37
461,3667,2015-08-08 18:56,446,-263,358,-268,5,49
462,4367,2017-08-02 19:08,198,-171,144,-63,1,64
463,1909,2017-05-05 20:32,-64,-458,-264,421,3,83
464,4461,2017-05-12 2:50,-192,-132,259,332,-1,59
465,1470,2016-07-23 20:56,344,153,221,-323,5,34
466,4299,2017-02-15 16:48,299,206,-165,-500,0,58
467,2103,2017-10-02 7:31,-170,10,-337,-261,-1,53
468,1161,2017-09-15 17:05,372,-500,-303,-81,2,36
469,1732,2015-11-01 20:24,-493,184,124,464,-2,69
470,1880,2017-05-13 15:57,87,-111,-140,-125,4,75
471,3258,2015-09-03 17:42,429,109,-488,-347,-1,76
472,1272,2015-01-11 13:17,-490,155,-246,-354,2,88
473,1001,2017-04-21 4:25,-477,-226,-95,187,3,14
474,1732,2015-07-29 3:39,307,442,209,-174,3,33
475,2176,2017-01-26 5:55,-303,-183,-325,-28,-2,48
476,3656,2016-08-26 10:14,-432,-222,484,-363,0,73
477,1580,2015-04-26 1:51,-454,-288,-359,166,3,51
478,2604,2015-08-02 20:38,8,-353,-80,-88,5,55
479,3470,2017-07-23 22:11,-480,413,-212,263,5,82
480,1485,2016-10-20 13:19,339,-77,-332,-227,1,85
481,3323,2016-02-16 1:55,-203,371,-220,-105,-2,52
482,4160,2017-01-09 3:58,-350,188,-447,316,2,57
483,4733,2017-09-17 15:07,388,359,-183,209,3,21
484,1356,2017-09-09 8:28,-399,-431,-432,182,0,33
485,1550,2016-11-01 18:14,-334,-387,267,-328,-2,66
486,1471,2017-07-11 19:07,308,261,207,124,-2,23
487,2579,2016-04-09 1:18,-399,-2,-57,459,-2,36
488,1221,2015-04-02 7:19,403,412,-250,21,0,36
489,2759,2017-10-24 13:10,-490,166,12,107,-2,67
490,2829,2016-01-22 19:57,-417,-208,446,63,2,82
491,2026,2016-05-04 2:26,89,-441,-300,323,-2,17
492,3448,2016-07-04 20:53,482,-493,-302,130,4,23
493,4201,2015-04-04 5:20,398,116,-281,-299,4,26
494,1870,2016-10-29 22:11,194,133,-18,333,-2,11
495,2537,2015-09-05 0:08,15,336,195,-266,5,38
496,2000,2015-07-05 14:33,77,287,-30,-344,4,67
497,4601,2015-02-03 15:35,376,265,-68,-179,-1,58
498,4628,2015-09-20 6:37,-229,-426,-472,-3,-2,71
499,3817,2015-05-05 18:57,399,-149,-483,-38,0,63
500,4945,2016-05-20 20:32,233,-285,-230,-372,1,71
501,4093,2016-04-10 10:32,11,-142,-163,-269,-1,33
502,1270,2016-07-10 1:25,-176,-304,-209,-63,5,66
503,2745,2015-02-26 11:27,-339,-103,-35,367,3,66
504,2149,2017-04-17 11:03,-30,315,-220,-286,4,50
505,4298,2015-05-22 17:40,415,227,-120,16,-1,66
506,3112,2015-05-25 18:53,-101,-284,-176,442,0,42
507,4668,2015-03-22 20:37,-498,9,-179,-111,-1,62
508,4021,2017-10-23 10:30,-375,444,138,-119,0,34
509,3488,2016-10-21 8:06,64,-407,434,395,-2,16
510,2590,2016-02-07 18:53,124,-170,-371,6,3,38
511,2831,2016-05-17 1:11,412,-275,-474,-251,-1,91
512,4611,2016-03-11 20:45,-27,-183,-247,-29,-2,54
513,1504,2017-09-11 14:04,-63,107,-298,-459,0,94
514,2246,2017-09-29 12:33,65,-342,-398,429,5,62
515,2840,2015-10-09 20:16,-23,49,148,54,2,95
516,1920,2017-10-18 10:55,-123,-44,310,-447,4,38
517,2359,2016-01-12 0:34,-136,-62,83,233,4,77
518,3258,2016-08-20 3:14,-48,339,-155,-54,0,57
519,2965,2015-05-02 5:56,-97,-229,431,254,1,88
520,2928,2015-06-02 17:22,264,355,80,357,0,99
521,4883,2017-09-13 8:53,-63,248,222,19,5,20
522,1409,2016-02-23 9:06,18,-212,437,-9,-2,47
523,1825,2016-03-20 11:36,-318,-113,-140,341,4,63
524,2845,2015-10-10 18:51,44,-136,-89,305,0,75
525,4695,2016-03-06 14:07,-55,37,378,93,3,49
526,2201,2015-08-08 8:43,155,-297,-274,241,2,34
527,2862,2016-06-04 8:31,-429,170,-153,323,-2,25
528,4432,2015-09-22 2:43,210,156,-479,78,-2,33
529,4737,2015-02-17 17:07,402,480,-49,389,0,68
530,2403,2015-07-19 15:16,-184,-355,131,-105,2,56
531,3640,2015-01-16 6:30,-496,271,-237,-66,0,58
532,1215,2015-06-20 11:02,242,402,130,-387,5,-70
533,3686,2017-02-22 6:18,91,487,-370,224,0,56
534,1169,2016-03-25 16:03,55,255,-121,399,-2,66
535,3390,2016-03-18 10:34,-111,445,58,-324,2,88
536,4309,2017-02-12 4:48,489,406,-21,245,1,42
537,4380,2015-10-24 1:13,-319,400,158,-158,2,14
538,2000,2016-02-11 4:34,-181,-318,-188,290,0,63
539,4336,2017-03-15 14:48,-453,223,-17,422,1,40
540,2488,2016-04-24 8:02,-303,116,-349,246,0,56
541,3914,2016-07-11 8:40,-297,178,343,-468,5,55
542,4955,2016-01-06 18:10,245,450,-219,147,1,63
543,1941,2015-05-26 20:27,487,-258,-35,144,1,82
544,1161,2017-01-21 22:45,-167,-92,99,-87,-2,53
545,3968,2017-09-20 7:52,-297,-234,-70,-186,3,77
546,4849,2015-09-14 21:00,17,-149,10,293,3,45
547,1581,2016-03-10 2:42,-275,-172,-98,-141,-2,98
548,2750,2016-06-01 18:09,-4,-142,349,12,1,84
549,3422,2016-11-07 19:11,-101,-27,412,227,2,77
550,1795,2017-06-18 0:10,-90,361,271,431,2,1
551,3521,2017-08-10 11:39,440,381,-63,128,3,87
552,3043,2016-06-21 16:57,-291,-149,-329,291,4,32
553,2193,2016-02-05 14:45,28,-121,-120,-419,3,72
554,1712,2017-05-20 11:18,-232,124,207,-339,5,67
555,3471,2015-03-27 3:41,427,-158,170,390,1,32
556,3589,2015-11-08 15:53,28,-70,-102,111,5,59
557,1880,2015-02-07 16:00,404,-13,-20,-404,2,39
558,3518,2015-11-15 18:05,352,-416,-36,401,-2,51
559,3660,2016-09-22 11:09,-431,150,10,-208,-2,45
560,4172,2015-11-24 8:32,270,-171,211,83,-1,33
561,3369,2017-10-24 7:54,388,-218,-481,-258,1,78
562,3417,2017-05-19 3:33,332,-327,-326,392,-2,35
563,1224,2017-11-22 15:26,-209,-76,406,275,5,59
564,2234,2016-03-19 13:28,302,-78,384,-450,1,46
565,4933,2017-02-24 19:32,386,12,75,205,5,44
566,2159,2016-11-25 19:43,4,-85,-434,260,1,44
567,1786,2016-02-14 22:21,271,-5,-196,472,3,59
568,1036,2015-10-10 3:34,-33,-196,-269,-172,1,-70
569,1540,2017-01-13 9:27,302,225,-253,-255,-2,77
570,2390,2015-04-19 21:09,-326,-383,468,-479,5,31
571,3896,2015-03-08 5:30,139,288,-156,-15,2,47
572,4023,2015-04-22 6:11,402,333,402,240,5,37
573,2387,2016-10-04 0:35,-433,-154,-341,-453,2,56
574,1067,2015-10-19 11:54,411,-214,-211,-35,0,11
575,1165,2016-02-27 4:44,382,-301,-316,-295,-2,13
576,3277,2015-01-14 16:40,286,-158,-370,-70,0,45
577,1801,2015-09-18 20:54,119,150,451,437,2,16
578,3584,2015-11-11 0:57,-497,89,162,114,4,37
579,3519,2015-11-16 9:07,-483,-56,192,4,3,36
580,4612,2016-08-22 0:39,-295,343,-356,154,3,62
581,2536,2016-05-16 9:41,293,309,-430,80,5,22
582,1064,2016-05-07 2:10,331,-26,-111,-4,5,45
583,4414,2016-02-23 8:02,458,-233,-355,300,5,43
584,4691,2017-06-06 0:33,-396,337,123,266,-1,73
585,2296,2016-01-29 14:20,375,252,331,229,3,28
586,2110,2017-05-28 17:29,-159,118,119,-290,0,51
587,2444,2017-06-16 22:42,103,222,-347,-144,2,50
588,2877,2015-03-06 17:17,129,401,-41,287,1,61
589,4860,2015-07-02 11:37,421,-59,400,-114,5,22
590,1602,2016-02-22 20:46,-391,-133,236,381,2,17
591,2565,2017-05-29 16:02,-162,-421,234,219,-2,39
592,2840,2017-02-14 20:31,474,-244,65,374,5,17
593,1143,2017-11-11 22:19,-489,21,-361,-180,1,30
594,4556,2015-08-27 15:25,-309,-441,-293,-109,5,12
595,4771,2015-08-13 17:34,150,181,170,-285,5,55
596,2953,2017-05-09 14:18,-225,-318,-149,-471,2,87
597,4833,2016-04-06 10:41,367,251,67,-165,-1,40
598,1125,2015-04-25 3:46,341,302,-251,407,0,58
599,4617,2016-08-29 16:34,316,-201,-422,-147,5,20
600,1537,2016-08-14 0:35,172,-203,92,150,4,45
601,3124,2015-04-09 14:55,203,160,282,-26,5,31
602,4879,2016-11-29 6:53,-459,-374,-370,95,1,43
603,2517,2015-03-16 6:06,-356,216,-16,-492,3,13
604,1061,2015-11-21 22:27,262,238,-423,-461,-2,19
605,4097,2015-06-04 19:08,167,30,434,-8,4,50
606,3990,2016-07-20 7:13,246,475,270,-412,1,14
607,4734,2015-01-05 9:26,-498,-283,-336,-124,4,39
608,2909,2016-07-27 20:30,344,-395,151,355,1,84
609,2627,2015-05-19 2:00,417,48,-449,-250,-2,82
610,4147,2017-11-11 17:28,-448,-63,370,-498,0,56
611,1492,2015-10-22 1:17,488,46,152,477,3,32
612,3497,2015-07-16 15:55,207,-248,-193,-141,-1,62
613,1425,2016-08-26 4:10,381,26,474,-41,-1,45
614,1962,2016-01-06 0:50,392,-330,-358,-279,5,32
615,3891,2015-01-15 10:53,84,198,-69,-242,0,88
616,3301,2015-03-22 5:48,-168,-182,95,131,1,55
617,4365,2017-07-23 2:55,144,-274,22,125,5,62
618,3065,2016-03-25 20:33,457,-487,-284,408,-2,4
619,4072,2015-06-15 19:14,182,-450,-392,-467,2,-80
620,4387,2017-11-29 15:39,-317,-96,428,4,5,31
621,3537,2015-07-16 16:10,-338,-486,-269,11,1,38
622,3402,2015-07-03 19:21,-21,242,-59,433,-1,56
623,1441,2015-04-03 17:39,62,-37,-300,-23,3,4
624,4305,2015-08-10 10:06,-283,462,-32,-42,0,74
625,2973,2015-08-13 8:10,-257,408,265,414,-1,91
626,3680,2016-09-18 13:52,16,-231,-15,314,2,98
627,3709,2015-03-10 11:49,-259,-111,295,484,1,83
628,1544,2015-05-26 19:25,-13,-293,-447,-244,3,42
629,2606,2016-01-21 5:54,462,-141,416,114,0,19
630,3074,2016-10-01 6:29,-361,150,-345,-446,-1,69
631,3476,2015-04-27 8:51,93,251,-497,206,5,73
632,2624,2015-08-09 22:11,-454,239,447,-313,-1,97
633,4418,2015-08-26 11:53,-137,-472,95,495,1,76
634,2852,2016-10-12 2:55,35,-313,-456,-256,-1,72
635,3491,2017-08-18 12:13,448,423,17,-208,4,41
636,4375,2016-07-25 12:34,262,-314,59,191,0,-80
637,4157,2015-04-04 7:45,448,-193,-316,19,2,27
638,3711,2017-09-23 9:51,-310,318,-243,-328,0,30
639,1320,2017-05-13 20:49,82,-75,233,-144,5,81
640,1046,2016-07-26 13:11,37,-297,-79,405,4,65
641,2253,2015-11-26 14:41,-473,-410,444,57,3,87
642,1176,2016-09-28 4:47,438,-417,-413,-354,-1,77
643,2676,2015-05-28 7:15,174,486,28,83,0,71
644,1712,2017-02-16 10:04,362,-380,-408,-36,-2,29
645,4457,2016-10-23 9:15,-364,-23,-157,-124,-2,44
646,1856,2017-06-01 9:01,461,371,34,366,3,38
647,4383,2016-02-27 0:28,-307,-184,-465,-149,-2,86
648,2697,2015-05-13 3:11,-121,-276,-287,-343,0,85
649,2070,2015-04-29 16:38,-237,-483,142,203,-1,16
650,2125,2017-01-24 0:33,-44,214,245,253,0,38
651,2189,2016-09-15 14:13,268,124,-273,148,-1,-100
652,1031,2016-07-18 2:27,-496,-443,397,57,5,50
653,2650,2017-06-22 2:58,481,-163,442,-145,-2,22
654,3925,2017-08-06 1:28,6,395,-170,-349,0,88
655,3950,2015-04-04 16:23,328,-389,172,-315,3,-60
656,4168,2017-02-19 6:52,-240,-315,260,219,1,-90
657,2992,2015-11-09 11:53,266,289,20,10,-1,62
658,2412,2017-03-04 14:15,148,18,1,-87,4,43
659,3704,2017-06-07 12:51,432,-266,-414,-266,2,71
660,4328,2017-10-16 21:35,161,-429,210,465,5,94
661,3971,2016-07-29 21:57,-112,-455,328,-389,1,39
662,2159,2017-06-02 11:03,-470,311,-186,290,0,43
663,3629,2017-07-12 5:31,-69,111,-176,-358,-2,45
664,1383,2015-02-25 3:06,90,-205,162,275,2,40
665,1943,2015-05-20 20:33,52,178,-319,-442,-2,36
666,2905,2015-04-14 3:45,-423,-390,-271,7,5,85
667,4736,2017-11-28 5:41,275,-132,22,469,0,64
668,3928,2017-07-29 10:43,-121,61,419,92,1,92
669,2810,2015-06-12 1:24,232,-24,116,-340,1,68
670,4563,2015-11-13 0:19,-327,-142,-403,412,5,93
671,4682,2017-11-03 1:39,-241,331,-132,-386,2,61
672,1406,2017-03-19 13:20,-440,-483,-498,86,1,22
673,4887,2016-09-21 12:29,421,-32,350,-235,-2,71
674,2747,2016-01-07 10:49,-22,303,154,129,-2,27
675,4941,2016-05-16 6:52,203,112,-247,-174,3,59
676,3635,2015-07-28 12:13,458,-456,427,-98,0,17
677,3518,2015-09-17 20:49,-309,-431,351,201,-2,54
678,1145,2016-04-17 2:03,-377,95,329,177,4,42
679,4443,2016-11-11 22:11,366,7,268,-500,0,53
680,2720,2016-09-19 12:43,205,-79,311,-344,-1,38
681,1030,2015-06-25 5:28,-437,-403,-104,116,4,3
682,2640,2015-10-03 5:16,-246,38,-482,470,1,76
683,3594,2017-07-10 17:17,-218,237,-460,-335,5,76
684,2384,2017-01-21 7:45,-76,380,110,-226,3,85
685,4424,2016-01-26 0:51,-159,157,217,-190,-2,11
686,1401,2016-11-29 20:26,237,453,-425,232,2,12
687,4805,2015-11-03 3:22,223,-390,190,-80,3,31
688,4178,2015-05-06 18:31,47,351,-104,-62,-2,81
689,1837,2015-04-26 13:23,-186,-422,33,356,2,63
690,3846,2015-08-15 2:45,474,451,298,430,-2,95
691,4744,2017-03-04 17:11,-253,88,495,-471,5,34
692,3154,2015-02-01 11:27,328,-265,194,-154,2,36
693,2322,2015-01-13 6:17,422,15,-364,16,-2,37
694,3468,2016-02-21 3:47,-496,472,265,144,4,24
695,1582,2017-06-04 13:58,-442,97,277,269,2,9
696,4173,2017-02-01 16:18,-225,-51,-157,399,-2,59
697,3526,2016-06-13 11:20,-386,-180,333,-216,3,18
698,3521,2016-08-10 16:05,61,58,17,123,4,35
699,1886,2017-03-02 11:44,275,-29,-467,353,-1,12
700,3893,2017-02-22 4:57,78,-21,-491,-403,-1,84
701,4762,2017-06-01 7:53,143,-333,485,-369,3,17
702,1345,2015-04-28 4:43,99,-109,66,42,-2,10
703,1340,2015-02-22 8:23,154,483,59,-116,3,29
704,4559,2017-08-25 6:11,-30,-56,104,381,3,68
705,4252,2017-08-16 0:54,-175,81,-205,-52,0,73
706,3963,2017-06-08 18:43,-24,-14,-130,-65,5,52
707,1690,2015-01-02 17:43,-356,-400,387,77,-2,63
708,1377,2016-02-06 7:36,239,-271,342,496,1,53
709,3711,2015-05-02 0:54,-482,-208,-114,23,-1,28
710,1016,2015-09-24 15:08,-343,-18,-16,-373,5,19
711,2984,2015-09-10 11:00,153,-457,419,-499,3,49
712,3641,2015-10-13 11:51,-335,307,-374,-122,5,44
713,2119,2015-04-23 11:24,92,-420,-200,-164,-1,40
714,2433,2015-05-11 22:26,90,-351,30,104,-2,34
715,3406,2017-11-16 17:35,5,453,-192,-384,1,35
716,4761,2017-10-05 1:14,456,-128,226,446,0,79
717,2296,2015-02-09 8:08,289,412,-324,232,3,81
718,1657,2015-03-19 7:37,-32,-359,82,388,2,64
719,1579,2015-07-25 6:32,-185,-99,-127,-304,-2,72
720,4681,2015-04-19 22:22,-483,-268,184,35,0,39
721,2604,2015-08-21 2:22,296,-328,-291,-205,4,88
722,2602,2016-06-25 4:33,-91,-276,-205,-494,-2,65
723,3557,2017-01-23 12:49,-469,-323,-404,301,-2,27
724,3936,2016-10-06 21:19,-408,58,390,79,-2,45
725,1837,2016-04-29 15:05,-236,442,121,499,1,17
726,1584,2016-02-07 9:46,101,85,-398,198,4,69
727,4312,2017-09-21 17:31,160,173,-42,256,1,61
728,3079,2017-10-15 6:41,498,-70,200,-221,1,82
729,1533,2015-01-26 10:54,104,61,-27,-330,1,72
730,2699,2017-03-20 22:16,311,-235,351,477,1,23
731,3233,2017-04-01 17:36,-246,-313,111,-308,5,2
732,1795,2016-02-18 15:57,268,117,36,-271,2,72
733,1492,2016-05-16 6:23,-455,438,89,-175,3,98
734,4122,2017-03-27 9:07,-26,-421,-11,229,4,38
735,3608,2017-06-18 12:09,-480,-389,-77,111,0,12
736,1138,2017-06-16 13:13,141,482,257,-277,-2,66
737,2252,2015-06-29 14:01,496,-223,-91,90,-1,75
738,3971,2016-05-08 19:03,-180,-358,-295,-173,5,37
739,3791,2015-02-26 1:56,463,142,-321,273,-2,24
740,3163,2017-04-20 20:01,377,178,343,27,0,85
741,3882,2016-01-04 10:03,-189,-292,386,-80,-1,20
742,4822,2016-09-18 14:43,-249,-160,-405,-438,-2,75
743,1350,2016-05-05 0:27,176,-251,-340,212,2,43
744,1158,2015-11-06 1:21,233,-264,-452,477,4,20
745,1750,2015-09-26 5:44,193,-149,365,339,-2,31
746,2207,2015-05-18 11:14,-457,-7,-294,478,4,85
747,2396,2015-06-21 22:29,59,-322,-395,353,-1,57
748,3612,2017-02-01 20:56,460,404,284,-120,0,88
749,3326,2016-01-12 0:29,-88,53,-234,55,2,82
750,2056,2015-11-04 22:16,-408,205,-21,253,5,26
751,1535,2015-04-11 21:41,218,-380,-400,-194,0,3
752,2859,2017-08-06 11:53,231,339,84,-301,3,79
753,2179,2017-10-17 11:47,336,418,276,-371,4,36
754,2141,2016-07-19 1:20,-148,285,346,-438,0,75
755,1968,2016-05-10 20:52,55,311,178,27,3,54
756,4513,2016-08-04 1:13,225,447,-476,-343,2,24
757,3181,2015-06-20 22:37,-477,-118,259,-290,0,21
758,1869,2017-08-25 11:55,-34,163,254,183,2,40
759,2137,2016-05-23 4:11,370,10,267,-310,2,57
760,1594,2016-01-24 12:11,-488,206,-247,319,1,81
761,4582,2015-05-23 3:03,-413,463,211,-496,-1,27
762,1169,2017-01-08 13:02,285,132,412,-2,3,85
763,1455,2016-01-03 21:47,135,-280,82,-500,-1,22
764,3910,2016-11-01 14:34,284,59,-134,459,5,31
765,2777,2015-08-10 21:20,-323,242,156,347,5,36
766,3671,2015-02-06 8:55,-466,458,400,-127,-2,66
767,3777,2016-05-06 22:37,-231,-194,-212,29,0,50
768,2849,2016-08-06 7:18,227,-242,400,315,5,50
769,2161,2015-01-26 19:34,353,-324,46,46,0,30
770,1626,2016-04-06 1:43,-191,99,17,269,3,6
771,2990,2015-02-09 6:37,-235,375,-7,373,0,74
772,4131,2015-11-09 13:56,-281,-210,311,198,1,74
773,3759,2015-11-20 15:30,379,-273,176,-310,0,77
774,1122,2015-07-02 14:20,-220,-159,-86,-172,2,75
775,4688,2017-04-21 0:45,444,-136,-427,77,5,91
776,1004,2017-07-26 18:36,-73,-476,355,-26,5,48
777,1173,2017-11-28 6:53,29,-214,281,398,1,68
778,3141,2015-01-08 5:45,258,-383,-70,-103,3,14
779,3845,2017-03-24 3:29,-435,492,385,137,1,56
780,1398,2015-02-14 1:15,170,-251,-339,387,1,53
781,4641,2017-05-18 14:24,281,56,374,-143,-2,64
782,3752,2016-01-12 7:26,484,-441,-203,367,0,39
783,1292,2017-08-19 16:16,-453,-428,465,211,3,92
784,4735,2015-11-05 20:15,-484,438,266,-294,1,17
785,4468,2015-03-06 2:46,-291,-350,181,-292,5,57
786,3716,2016-05-22 4:29,38,225,335,-452,3,42
787,2747,2015-03-20 2:43,415,407,335,-279,-1,48
788,3277,2015-11-18 4:52,-188,94,468,441,-2,36
789,1965,2015-11-04 11:54,140,195,-425,-43,3,64
790,2768,2017-02-26 20:04,290,-269,137,456,1,86
791,1795,2017-10-19 5:53,-35,431,499,124,0,78
792,3230,2016-06-16 15:12,322,-98,-256,135,2,67
793,2819,2016-02-27 1:04,435,-164,-289,154,1,7
794,4934,2015-10-04 22:57,410,183,205,397,1,45
795,2244,2016-04-11 20:52,-229,172,-146,63,-2,71
796,1667,2016-09-18 15:00,-351,-286,-140,-174,3,45
797,4840,2017-05-04 5:09,371,67,23,451,4,15
798,2558,2017-09-02 7:13,447,430,421,-71,5,18
799,2817,2017-11-09 2:33,-173,-134,429,414,1,43
800,2223,2017-04-24 20:52,-7,-331,472,-443,0,50
801,1693,2015-07-08 6:40,198,451,312,-377,4,36
802,3397,2016-02-23 12:36,320,-206,16,70,3,54
803,4710,2015-10-27 20:30,168,381,101,39,0,38
804,3655,2016-05-02 14:52,313,-470,85,-253,4,79
805,3422,2017-03-19 11:07,-36,-8,-421,-29,5,16
806,2947,2017-08-11 2:28,24,428,286,-40,0,66
807,3483,2015-02-11 2:21,171,-349,-322,154,4,25
808,1052,2016-08-21 6:57,257,490,271,222,-2,7
809,4367,2015-02-10 4:31,179,-398,-106,426,-2,53
810,1465,2015-06-17 5:34,-478,-238,-256,-111,0,88
811,1784,2015-02-20 18:40,-304,288,212,364,-2,69
812,4693,2017-09-20 9:02,66,355,215,-258,-2,65
813,3649,2017-05-09 18:40,-288,49,-251,439,1,20
814,2090,2016-03-08 7:14,181,276,247,230,0,41
815,4846,2016-04-18 0:36,-116,-341,491,54,5,65
816,4254,2016-04-19 20:35,148,404,206,-74,-2,71
817,2762,2017-10-14 11:49,-161,264,-340,-246,0,27
818,4941,2016-06-29 11:35,-470,256,78,67,1,83
819,1029,2016-09-24 12:51,177,275,408,-169,3,52
820,3112,2015-09-04 4:41,170,240,234,-124,-2,36
821,3115,2015-10-11 1:42,-264,136,-120,497,2,81
822,3299,2015-03-14 7:19,287,-289,-293,229,-2,96
823,1178,2015-01-28 1:54,175,-497,206,357,-2,74
824,4637,2017-02-03 16:39,-153,342,64,405,3,71
825,3422,2015-10-23 2:19,219,-113,396,-222,0,56
826,2892,2015-07-07 10:35,112,150,478,-93,3,24
827,1781,2017-04-19 2:26,-455,222,-28,-144,3,38
828,2935,2015-09-10 11:14,47,74,250,484,-2,82
829,4246,2016-05-03 21:49,-437,-431,355,-115,5,43
830,4501,2016-11-11 20:54,91,-311,-257,-333,2,7
831,4932,2017-08-28 7:54,33,451,-99,-302,1,73
832,4792,2016-03-26 3:42,413,-257,-391,457,-2,47
833,2584,2015-09-18 17:29,111,187,-301,-367,4,7
834,4971,2017-06-24 3:31,412,39,142,43,-1,50
835,2349,2017-02-24 21:04,97,-128,138,384,-1,31
836,1891,2016-02-21 21:47,350,98,202,-58,3,15
837,4031,2015-05-28 8:52,318,-68,489,400,5,63
838,1845,2015-11-02 19:57,325,-257,-164,-398,-1,22
839,1217,2016-04-15 21:49,353,-432,-185,378,4,51
840,2381,2017-08-09 10:02,-51,-251,116,-208,3,86
841,1264,2015-10-20 5:16,497,123,-358,-451,3,29
842,4659,2016-09-22 2:39,-108,452,-251,-332,-1,83
843,1116,2017-10-24 4:00,290,-281,19,219,-1,69
844,2418,2015-09-19 20:16,-353,426,-370,212,2,82
845,3023,2015-01-21 15:57,-427,4,148,466,2,64
846,3054,2016-08-17 16:35,-466,-307,-454,-315,4,7
847,4823,2017-05-21 21:01,108,36,-442,70,1,94
848,4863,2017-11-01 15:48,67,-441,-217,151,4,24
849,2916,2015-11-05 5:36,-283,448,285,48,-2,86
850,1286,2015-01-04 1:21,469,-141,340,-34,1,58
851,2750,2017-05-26 11:45,-370,386,378,120,4,54
852,3969,2017-03-01 17:28,-142,-310,380,111,-2,-70
853,4337,2015-07-04 15:24,417,230,476,-470,-1,33
854,1499,2015-02-14 11:38,69,311,299,287,4,74
855,4920,2017-02-25 7:18,-127,-176,442,159,-1,84
856,3070,2015-04-19 4:54,-198,103,276,450,0,64
857,2692,2017-01-18 12:07,-46,6,-121,-179,3,8
858,1665,2016-10-05 18:53,57,-141,-363,-198,2,42
859,4411,2017-05-04 10:49,-337,-296,160,408,-1,75
860,2527,2016-07-17 3:48,-48,281,202,-448,0,61
861,2709,2016-10-25 16:51,-173,153,95,460,5,53
862,2760,2015-08-15 7:38,219,18,239,130,3,38
863,4782,2017-08-06 1:50,-1,146,-339,437,1,40
864,3182,2017-06-26 18:52,-493,-311,-66,-301,1,38
865,1941,2015-04-16 5:08,-174,-432,472,415,5,61
866,1496,2015-03-21 16:23,295,-163,-301,-47,1,85
867,2145,2017-02-23 16:38,-154,-442,81,497,0,61
868,3446,2016-02-05 21:12,346,206,-118,276,3,49
869,1966,2017-05-28 7:18,-362,-195,339,121,1,26
870,3191,2015-05-14 3:42,-115,215,-420,436,2,11
871,3486,2016-01-02 22:37,-426,-361,226,408,5,35
872,3084,2015-03-11 4:45,82,-82,174,-337,1,46
873,2588,2017-07-18 18:28,216,253,-214,79,3,98
874,2574,2015-09-17 16:35,-202,229,139,401,-1,65
875,1833,2017-10-11 10:43,-129,437,341,351,0,44
876,1790,2016-04-23 22:40,-381,405,267,13,3,40
877,2062,2016-05-01 17:57,405,275,-31,-25,2,52
878,4881,2017-11-25 5:17,-444,-296,-1,-140,-1,53
879,4482,2017-11-04 6:00,280,-10,-28,-63,3,32
880,1120,2015-08-03 11:04,375,-199,-438,298,-2,64
881,1384,2017-02-22 13:26,428,-30,-463,-193,1,82
882,1856,2015-02-02 22:20,215,371,24,-143,2,36
883,4894,2016-08-11 12:22,-136,26,-182,-28,3,37
884,4997,2016-02-04 21:53,289,-59,300,-310,3,23
885,3840,2015-08-07 17:39,-41,-342,143,-101,5,54
886,1866,2016-04-16 17:28,40,-443,-56,410,0,82
887,1182,2015-09-09 0:20,357,397,-357,-25,-2,35
888,4155,2016-08-03 5:49,-429,-103,179,56,1,40
889,1032,2017-11-24 13:18,-82,112,204,-336,3,37
890,2735,2017-01-20 22:20,479,-64,-412,427,3,67
891,3367,2015-06-24 4:13,-66,443,22,338,3,65
892,3844,2015-08-20 21:32,-140,298,485,-237,-1,92
893,3219,2017-09-02 18:02,82,-322,18,342,0,38
894,2336,2015-03-21 1:29,250,393,-93,-497,0,13
895,2902,2016-06-04 16:37,472,14,69,265,5,14
896,3818,2017-05-27 18:21,-196,66,-360,405,2,86
897,1096,2016-09-15 0:39,421,192,114,-177,0,30
898,1502,2015-08-27 3:19,-146,31,-189,-165,5,85
899,4220,2017-02-22 0:35,-127,255,-395,-3,4,32
900,2448,2017-08-09 8:07,140,108,-133,475,-1,49
901,3024,2016-10-02 13:33,-164,237,-74,34,3,33
902,3931,2015-11-22 8:49,-273,-425,-420,382,2,84
903,4692,2015-11-07 15:24,-340,-429,-368,-21,3,31
904,3394,2016-01-18 20:51,307,-53,46,-340,2,66
905,3419,2017-02-21 7:37,158,-481,266,459,-1,65
906,4975,2016-06-11 17:15,-302,286,422,173,2,28
907,2476,2016-06-29 12:06,-105,261,-197,392,0,65
908,2780,2017-03-18 4:21,154,455,-489,-493,-1,76
909,1899,2016-10-17 22:18,-163,-375,32,-70,1,72
910,3737,2017-10-01 11:24,-492,6,121,-206,-2,89
911,2319,2017-02-25 4:06,127,-54,47,80,-1,17
912,4211,2015-11-28 6:18,-380,-359,-220,-219,4,40
913,1912,2017-08-13 6:35,464,-471,-360,294,4,56
914,1191,2017-08-13 19:30,28,119,468,-285,2,42
915,2567,2015-05-15 10:46,-425,-124,-460,-229,0,14
916,3839,2017-02-10 18:00,-302,-441,363,-32,5,38
917,3466,2016-01-18 16:03,246,318,-177,99,0,59
918,1256,2017-11-06 10:29,-422,-278,-457,-450,0,12
919,3700,2017-04-17 11:36,-7,-486,35,210,3,27
920,1616,2015-07-29 16:28,-249,-475,497,-328,3,37
921,1166,2017-10-09 1:05,318,-197,188,304,-1,27
922,4431,2015-06-07 4:50,-184,384,428,-126,2,38
923,4796,2015-09-19 9:12,-391,331,-345,-329,-1,41
924,2054,2015-01-22 0:47,231,-63,-420,-361,-1,33
925,4596,2015-09-18 8:13,149,310,171,51,-1,53
926,3154,2016-05-06 10:55,-358,-438,114,-10,1,54
927,2623,2015-05-04 17:03,-389,217,212,-468,4,62
928,4949,2015-05-07 18:28,-319,181,-200,258,1,49
929,4848,2015-05-20 14:34,305,-270,-265,407,-1,83
930,1833,2017-07-24 7:20,52,-108,19,-246,4,56
931,1189,2016-01-07 7:49,-485,294,180,98,5,69
932,2362,2017-01-29 5:46,337,-236,360,492,-1,14
933,1570,2017-08-05 15:05,454,-333,-405,233,4,74
934,2738,2017-08-06 12:09,487,52,-23,316,0,59
935,3280,2015-01-18 3:19,26,-449,147,477,1,13
936,2120,2017-09-10 6:21,61,-181,448,-182,5,15
937,3688,2016-05-07 11:37,470,-445,-365,-85,-1,65
938,2439,2017-05-12 18:32,-330,302,14,81,0,68
939,2980,2017-11-28 22:08,214,363,214,-380,1,11
940,1384,2015-06-10 2:28,-230,-101,-90,454,4,78
941,1354,2016-03-20 22:02,451,-278,258,493,-2,94
942,4750,2016-06-16 1:11,-280,-195,-74,-449,2,92
943,3607,2016-01-02 8:50,155,116,223,449,2,41
944,1663,2015-09-25 8:05,316,-352,36,365,0,45
945,1832,2015-08-26 2:13,-385,435,-441,-43,3,39
946,3605,2017-09-11 10:38,83,-59,-170,-384,5,59
947,2488,2015-05-24 16:26,-3,-240,-84,-172,-1,48
948,1612,2015-02-23 9:54,-347,-300,-216,-330,1,69
949,2750,2015-05-28 7:52,161,17,396,-126,4,21
950,1854,2015-08-14 5:46,3,378,-127,-53,5,58
951,1773,2017-09-16 16:05,91,-100,-176,343,1,53
952,1220,2015-01-23 7:13,-34,258,119,192,2,73
953,3412,2016-05-21 21:39,-219,77,-178,-276,-2,23
954,2803,2015-09-20 21:27,-34,127,475,425,1,74
955,2809,2016-01-15 9:55,330,168,22,99,-1,47
956,1234,2017-06-28 22:18,-108,457,-79,-215,4,15
957,1425,2017-08-03 6:26,-6,365,-452,388,0,48
958,4774,2017-06-09 8:11,174,-40,-293,147,5,34
959,4167,2015-01-15 18:13,-17,225,-227,-351,-1,40
960,3180,2015-08-18 17:21,-299,-316,22,-294,5,24
961,4559,2015-08-15 10:17,-33,185,149,4,0,36
962,4644,2015-03-18 2:23,481,-213,226,-96,3,79
963,4222,2015-04-15 14:01,220,250,-391,120,5,23
964,2372,2016-10-11 20:24,232,63,-492,259,1,44
965,1866,2015-03-20 9:30,419,-194,439,-124,5,16
966,1705,2017-08-21 14:56,-491,274,47,-415,5,89
967,3705,2015-01-17 19:42,492,-78,-400,-101,3,91
968,4745,2016-08-23 15:09,319,149,249,15,-1,21
969,2557,2017-01-11 12:58,253,383,478,-93,-2,87
970,4779,2016-02-22 2:20,-323,348,-405,437,0,64
971,4371,2015-02-05 0:33,37,176,-463,-451,4,-70
972,3299,2015-02-14 1:34,-85,66,-338,-238,3,61
973,4498,2016-09-04 2:38,-238,-304,-206,-342,5,23
974,2413,2017-08-18 13:46,140,-9,-485,-108,-2,71
975,4064,2015-02-07 15:57,387,-271,-136,-256,0,89
976,2744,2016-04-07 18:25,336,-147,-303,-413,2,63
977,4729,2015-10-11 15:22,63,36,-443,-361,0,83
978,2869,2017-05-25 17:23,-176,-242,8,-54,-2,8
979,4164,2016-06-19 1:29,-366,-1,377,-202,0,88
980,4164,2016-04-02 16:02,409,-95,348,-82,4,35
981,3061,2015-04-04 19:54,-296,-290,-426,201,-1,89
982,4236,2017-07-28 22:34,-242,206,363,-448,4,55
983,2783,2015-08-08 5:24,133,457,-430,481,1,87
984,3988,2015-09-21 6:57,-199,173,345,-25,4,22
985,1594,2017-09-12 13:54,-210,97,-120,-255,5,51
986,4381,2017-03-06 16:00,437,-164,-122,305,-2,-80
987,3243,2017-03-17 13:09,455,179,-156,-196,4,61
988,1018,2016-02-07 11:26,15,-233,209,-23,3,30
989,2654,2017-07-21 17:18,66,82,-497,-177,1,-70
990,2834,2017-02-15 7:46,-63,117,-234,-329,4,77
991,2752,2017-04-10 15:50,275,7,168,-258,-2,57
992,1967,2017-11-15 21:21,-62,-176,-223,-315,2,62
993,4164,2016-06-09 3:37,358,103,50,-140,0,61
994,3344,2017-10-02 12:52,404,-175,144,-419,2,27
995,3969,2015-03-10 13:41,134,492,-225,-54,1,50
996,4836,2015-01-26 8:44,122,481,393,-249,2,50
997,1105,2017-06-14 10:37,-323,288,-97,210,2,72
998,2066,2017-03-09 7:50,-169,407,-113,-368,4,37
999,3709,2015-08-07 12:31,287,318,-165,-356,-2,49
